label,0,1,2,3,4,5,6,7,8,9,10,11,12,13,14,15,16,17,18,19,20,21,22,23,24,25,26,27,28,29,30,31,32,33,34,35,36,37,38,39,40,41,42,43,44,45,46,47,48,49,50,51,52,53,54,55,56,57,58,59,60,61,62,63,64,65,66,67,68,69,70,71,72,73,74,75,76,77,78,79,80,81,82,83,84,85,86,87,88,89,90,91,92,93,94,95,96,97,98,99,100,101,102,103,104,105,106,107,108,109,110,111,112,113,114,115,116,117,118,119,120,121,122,123,124,125,126,127,128,129,130,131,132,133,134,135,136,137,138,139,140,141,142,143,144,145,146,147,148,149,150,151,152,153,154,155,156,157,158,159,160,161,162,163,164,165,166,167,168,169,170,171,172,173,174,175,176,177,178,179,180,181,182,183,184,185,186,187,188,189,190,191,192,193,194,195,196,197,198,199,200,201,202,203,204,205,206,207,208,209,210,211,212,213,214,215,216,217,218,219,220,221,222,223,224,225,226,227,228,229,230,231,232,233,234,235,236,237,238,239,240,241,242,243,244,245,246,247,248,249,250,251,252,253,254,255,256,257,258,259,260,261,262,263,264,265,266,267,268,269,270,271,272,273,274,275,276,277,278,279,280,281,282,283,284,285,286,287,288,289,290,291,292,293,294,295,296,297,298,299,300,301,302,303,304,305,306,307,308,309,310,311,312,313,314,315,316,317,318,319,320,321,322,323,324,325,326,327,328,329,330,331,332,333,334,335,336,337,338,339,340,341,342,343,344,345,346,347,348,349,350,351,352,353,354,355,356,357,358,359,360,361,362,363,364,365,366,367,368,369,370,371,372,373,374,375,376,377,378,379,380,381,382,383,384,385,386,387,388,389,390,391,392,393,394,395,396,397,398,399,400,401,402,403,404,405,406,407,408,409,410,411,412,413,414,415,416,417,418,419,420,421,422,423,424,425,426,427,428,429,430,431,432,433,434,435,436,437,438,439,440,441,442,443,444,445,446,447,448,449,450,451,452,453,454,455,456,457,458,459,460,461,462,463,464,465,466,467,468,469,470,471,472,473,474,475,476,477,478,479,480,481,482,483,484,485,486,487,488,489,490,491,492,493,494,495,496,497,498,499,500,501,502,503,504,505,506,507,508,509,510,511,512,513,514,515,516,517,518,519,520,521,522,523,524,525,526,527,528,529,530,531,532,533,534,535,536,537,538,539,540,541,542,543,544,545,546,547,548,549,550,551,552,553,554,555,556,557,558,559,560,561,562,563,564,565,566,567,568,569,570,571,572,573,574,575,576,577,578,579,580,581,582,583,584,585,586,587,588,589,590,591,592,593,594,595,596,597,598,599,600,601,602,603,604,605,606,607,608,609,610,611,612,613,614,615,616,617,618,619,620,621,622,623,624,625,626,627,628,629,630,631,632,633,634,635,636,637,638,639,640,641,642,643,644,645,646,647,648,649,650,651,652,653,654,655,656,657,658,659,660,661,662,663,664,665,666,667,668,669,670,671,672,673,674,675,676,677,678,679,680,681,682,683,684,685,686,687,688,689,690,691,692,693,694,695,696,697,698,699,700,701,702,703,704,705,706,707,708,709,710,711,712,713,714,715,716,717,718,719,720,721,722,723,724,725,726,727,728,729,730,731,732,733,734,735,736,737,738,739,740,741,742,743,744,745,746,747,748,749,750,751,752,753,754,755,756,757,758,759,760,761,762,763,764,765,766,767,768,769,770,771,772,773,774,775,776,777,778,779,780,781,782,783
M,164,165,165,168,169,170,172,172,173,175,175,176,178,176,177,176,176,176,175,175,173,171,167,166,167,165,162,160,164,165,167,168,170,172,172,174,175,176,177,177,178,177,177,177,176,174,174,175,173,172,168,167,166,165,163,160,164,164,168,168,170,173,173,174,176,177,179,178,178,177,176,178,177,175,175,177,173,172,169,168,166,166,164,162,165,164,167,170,172,172,174,175,177,179,180,178,178,178,178,177,176,176,176,177,173,170,170,168,168,166,164,161,164,166,167,170,172,173,175,176,178,178,179,177,176,176,176,177,175,175,175,175,173,170,169,169,169,167,164,160,163,165,168,170,172,174,174,176,176,177,177,176,175,175,175,175,173,173,172,174,173,171,168,169,168,167,163,160,163,164,167,169,171,172,173,174,175,176,176,175,173,173,174,173,171,171,170,172,171,170,169,168,166,166,162,161,161,163,165,168,170,170,171,171,172,174,174,173,172,173,173,171,169,167,168,170,168,167,167,167,164,164,161,159,161,163,166,168,168,168,169,169,171,171,171,171,172,172,169,169,166,166,166,168,168,166,167,166,165,165,162,161,160,161,164,166,166,166,167,168,169,169,167,166,166,172,169,160,162,159,165,166,165,163,164,163,164,162,161,160,158,160,161,164,163,162,163,164,165,161,186,186,150,199,205,170,198,155,155,162,160,160,161,161,162,159,159,158,158,158,160,162,162,161,160,160,160,149,207,216,142,203,218,187,201,170,145,160,159,159,159,160,161,160,158,156,159,158,159,161,161,160,159,157,157,120,197,222,176,205,229,198,206,173,136,159,157,156,158,159,158,159,158,156,159,158,159,161,161,158,156,157,145,148,181,234,212,209,238,200,194,166,138,155,155,155,156,157,159,158,157,155,158,158,159,158,159,157,156,141,99,180,167,216,218,189,220,182,194,177,128,153,154,153,154,155,157,157,156,154,157,159,157,156,156,156,154,120,107,221,191,152,155,131,159,137,192,185,135,147,154,152,153,153,154,155,156,155,155,157,158,157,154,152,150,132,140,188,231,143,112,105,130,109,188,194,175,148,150,149,150,150,151,153,155,153,153,155,156,155,153,150,146,133,174,158,222,177,122,107,161,186,175,172,157,121,149,148,149,151,151,152,152,153,154,155,155,155,153,148,142,125,190,182,129,138,186,151,195,214,214,199,120,124,149,147,148,150,152,152,152,154,152,152,151,150,148,144,135,112,168,205,144,157,200,169,186,202,205,185,107,140,146,146,147,149,151,151,151,152,149,147,145,143,140,135,128,110,149,202,201,194,203,189,181,197,196,157,107,146,145,146,148,149,149,151,153,153,143,141,138,135,132,128,122,106,115,185,197,202,208,207,189,205,174,119,114,148,146,147,148,149,148,150,152,152,136,135,132,128,125,121,115,108,80,147,193,201,208,211,200,180,147,110,125,148,147,145,149,150,150,150,150,151,131,128,125,122,119,114,110,105,84,87,173,195,204,210,196,164,172,123,132,145,146,146,148,148,149,149,150,151,127,124,120,117,113,109,106,101,96,69,117,165,179,197,195,199,198,135,133,143,144,144,145,147,147,148,151,150,123,120,117,113,108,105,103,98,94,84,103,164,193,206,203,207,200,143,130,139,141,142,143,145,145,147,149,149,119,115,111,108,104,101,99,95,91,88,147,206,215,207,204,208,201,163,125,136,138,141,141,142,143,145,146,150,112,109,105,103,99,97,96,93,89,88,165,217,225,214,207,205,211,177,121,134,136,139,140,142,143,144,146,150
O,141,146,148,152,155,155,157,160,161,163,163,164,166,168,168,168,169,169,170,172,172,172,171,173,170,169,170,167,144,146,149,152,153,153,156,157,160,162,162,163,164,166,168,168,168,170,171,173,173,172,171,172,171,169,169,167,142,144,147,149,149,151,152,156,158,158,159,161,163,163,163,166,165,166,167,167,167,167,166,167,166,166,165,163,142,144,146,148,150,151,153,156,157,157,158,160,163,163,163,166,166,166,168,168,167,168,168,167,167,167,164,161,141,143,145,146,148,150,152,155,157,158,159,161,163,163,164,166,167,167,170,171,172,171,169,167,167,169,166,162,141,143,145,147,148,149,151,153,156,155,158,158,160,161,163,164,166,168,170,170,172,172,170,169,168,169,166,164,140,143,144,146,147,148,149,152,153,153,155,156,158,160,162,164,162,158,167,170,171,171,171,170,169,169,166,165,139,141,144,146,147,147,147,150,151,153,153,155,155,156,158,165,172,169,151,171,170,171,171,168,168,170,166,165,138,140,142,145,146,146,147,148,148,150,147,152,162,175,184,185,161,124,124,168,170,171,170,170,170,170,166,164,136,138,141,144,144,144,144,146,144,146,169,195,208,207,200,144,112,153,152,141,173,169,170,170,171,169,167,165,134,136,139,141,142,142,141,140,176,217,234,211,146,115,94,67,114,120,97,125,172,171,168,169,168,168,167,165,133,134,137,138,138,138,128,176,221,202,152,88,66,56,63,74,83,99,122,160,171,169,168,169,168,169,167,166,133,133,135,136,136,128,166,232,204,105,84,130,96,79,106,139,162,169,170,170,170,169,168,167,168,167,165,165,131,132,132,135,129,156,225,209,117,82,119,126,149,159,157,165,170,170,171,171,170,170,168,167,168,169,167,165,130,129,131,128,152,213,212,137,110,101,132,176,138,167,179,154,162,167,166,167,168,167,166,167,169,170,168,166,128,128,126,145,199,220,194,151,119,110,150,135,69,71,135,158,140,162,163,165,167,165,165,167,166,167,165,163,129,127,127,177,204,209,179,123,90,137,117,55,91,100,104,155,137,158,166,166,165,166,165,163,164,166,164,164,129,124,152,195,215,208,143,75,116,157,71,88,115,124,117,125,137,157,167,167,166,166,163,163,164,167,165,164,124,129,185,214,220,180,89,97,149,101,59,103,109,119,134,166,155,139,166,166,166,164,163,165,166,167,167,166,118,172,209,220,215,172,96,150,176,133,91,107,115,131,155,168,106,137,168,165,164,163,164,166,166,168,170,167,160,209,221,226,207,140,120,180,182,170,123,109,156,177,159,102,108,162,163,163,163,163,163,165,166,167,169,168,203,222,228,223,193,120,157,188,179,178,159,152,184,179,112,77,145,158,159,160,159,161,163,162,162,167,168,168,213,225,231,215,176,116,179,184,179,177,173,171,172,104,65,119,147,152,155,155,155,155,157,157,158,163,164,164,209,214,221,207,156,125,191,186,184,186,174,152,100,59,111,135,140,144,147,148,148,147,148,150,155,159,159,160,211,216,216,194,151,142,196,191,184,176,147,77,48,100,119,126,131,134,137,141,140,140,142,144,149,151,152,154,212,216,205,183,149,152,191,183,167,138,73,43,90,108,111,118,122,126,129,131,133,133,134,136,141,144,146,147,206,203,194,174,148,164,178,164,129,64,42,86,102,102,107,112,115,120,121,123,125,125,125,128,133,137,139,142,200,193,189,161,131,163,143,102,47,39,84,100,98,99,103,107,110,113,114,115,116,116,118,122,127,131,135,136
S,158,159,162,164,166,167,169,170,172,176,176,178,179,181,181,182,182,180,180,178,178,177,176,174,173,169,169,169,158,160,162,165,167,169,169,171,174,176,179,180,181,183,182,181,182,181,180,179,179,177,175,175,172,170,169,169,158,160,162,165,167,170,171,173,176,177,181,182,184,185,185,183,183,183,182,179,181,178,176,174,172,171,170,169,158,159,162,165,168,170,172,173,177,179,181,182,184,184,185,184,184,183,183,180,179,178,176,174,173,170,170,167,158,160,162,165,168,171,172,174,176,179,180,180,184,184,185,183,183,182,182,180,179,176,175,176,171,170,168,167,157,159,162,166,167,169,171,172,175,177,179,180,183,183,183,183,181,180,181,179,177,175,176,174,171,169,168,167,156,159,161,164,167,167,169,170,173,174,175,177,180,179,180,179,178,178,178,177,174,174,175,172,170,168,167,165,155,158,162,163,165,167,166,168,170,171,173,174,175,175,176,177,177,175,175,175,174,173,172,171,169,167,166,166,154,157,160,162,163,166,165,164,166,167,170,170,173,174,177,173,172,175,172,172,170,169,169,168,167,167,167,166,155,156,158,160,160,161,161,160,161,163,163,163,158,146,145,166,159,160,168,167,165,166,167,165,166,165,164,164,153,155,157,158,157,157,158,156,158,157,156,172,145,172,166,144,150,136,156,164,165,163,164,164,164,162,163,163,152,156,157,156,156,156,155,154,156,137,172,219,199,172,168,186,207,200,146,161,162,161,161,163,162,160,161,162,153,155,155,157,155,154,154,151,129,158,197,228,210,220,154,140,175,199,145,155,158,160,160,159,160,160,161,160,151,153,153,155,153,151,152,126,120,219,202,218,200,210,164,117,171,207,157,146,157,157,157,157,158,159,159,159,151,152,153,154,152,150,146,136,151,221,211,200,163,128,99,95,181,217,169,139,152,152,153,153,154,157,157,158,152,152,153,154,151,151,142,166,168,168,172,127,153,126,144,175,185,212,162,129,148,148,149,151,154,153,157,159,149,150,151,151,149,148,135,163,203,147,159,181,174,133,183,203,210,198,142,120,148,147,148,149,151,151,155,157,146,145,147,147,144,142,129,139,213,208,192,189,153,163,205,214,209,173,93,130,146,145,146,147,150,151,155,156,141,141,141,140,138,134,122,123,198,213,195,186,178,181,199,209,198,125,106,142,142,145,145,148,151,152,155,154,135,134,133,132,130,126,117,101,171,205,209,200,198,193,200,195,155,94,130,140,141,144,146,148,149,150,154,153,130,128,126,124,121,117,112,85,129,198,212,210,203,197,195,157,102,105,140,140,142,144,145,147,148,150,154,153,123,122,120,117,113,108,104,89,92,175,201,207,198,188,156,133,93,128,139,141,142,144,145,146,149,151,153,154,115,114,111,108,105,102,99,93,80,129,164,181,192,190,174,155,105,133,136,139,140,141,144,144,149,150,152,152,108,106,103,102,101,98,95,91,82,136,174,189,200,202,192,150,112,130,133,138,138,138,142,144,148,150,151,151,102,100,98,97,96,94,92,87,96,179,211,201,197,206,183,151,114,126,131,135,137,138,140,141,145,148,148,148,97,96,94,93,92,91,88,83,114,200,220,208,204,200,185,169,112,124,129,133,136,136,138,141,144,146,148,148,93,92,91,90,89,88,86,80,112,196,223,213,207,201,194,171,109,122,126,130,134,134,136,139,142,146,149,147,90,89,88,87,87,86,84,78,106,194,222,219,216,210,199,162,106,120,124,128,132,132,134,137,139,142,147,146
U,166,169,172,175,178,179,182,184,186,186,186,187,188,185,183,184,182,181,179,176,175,173,170,169,164,162,159,157,167,171,174,177,180,181,182,185,188,189,190,191,189,187,186,185,183,181,181,180,177,173,170,170,166,162,160,158,170,172,176,179,182,183,184,187,190,190,190,191,190,189,188,186,184,182,179,179,176,173,171,169,167,162,158,156,172,174,178,181,184,185,186,187,192,191,192,192,192,190,189,187,185,182,180,179,176,173,171,170,166,163,159,157,172,175,179,182,185,187,188,190,192,193,192,192,192,190,189,187,184,182,181,178,176,173,172,171,165,163,159,157,173,176,179,183,186,189,190,192,193,193,193,192,192,190,189,188,184,182,181,178,176,173,172,170,165,162,159,158,173,176,179,183,188,189,190,191,193,193,192,193,193,190,188,186,184,181,178,176,175,172,170,169,165,161,159,158,173,176,180,184,186,188,189,191,192,193,193,192,181,186,188,185,183,179,176,176,173,170,168,168,165,161,159,156,173,178,181,184,187,188,188,191,192,192,193,183,169,166,174,183,181,178,175,175,172,168,167,167,164,162,159,156,173,176,181,183,186,188,187,189,190,191,191,181,178,170,161,173,180,177,174,172,170,168,168,168,165,162,159,157,173,176,179,182,182,184,183,184,186,186,188,178,179,173,170,160,177,172,170,169,167,166,165,165,162,159,157,155,173,175,177,179,178,180,179,181,182,182,184,175,184,176,176,152,174,171,168,167,166,164,163,164,162,159,157,155,173,177,179,177,179,179,178,179,179,177,180,168,174,175,184,154,169,169,167,165,164,162,162,163,161,159,157,155,173,175,177,178,176,178,177,178,176,175,174,158,177,165,177,145,164,165,165,164,161,161,161,161,160,158,156,155,172,173,174,176,174,174,172,172,167,154,152,147,189,178,189,152,156,163,162,161,158,157,158,160,160,157,155,153,173,174,175,174,174,173,170,167,152,160,165,131,179,161,181,153,152,159,159,158,156,156,156,161,160,158,155,153,171,172,174,173,172,171,169,163,146,123,166,162,157,156,180,155,149,159,158,156,154,153,155,159,158,156,155,153,169,170,172,170,169,168,166,160,149,108,123,180,170,162,198,179,144,157,155,153,151,152,155,158,156,154,153,152,169,169,170,169,168,167,161,152,136,167,137,138,201,198,172,164,134,153,152,150,151,152,154,155,154,153,152,152,167,166,167,168,167,164,156,146,110,130,188,156,131,200,222,170,134,151,150,150,150,149,152,155,154,153,152,150,164,165,164,162,161,158,148,134,121,145,144,178,165,138,210,229,178,146,150,149,149,149,151,154,154,152,152,150,158,158,157,155,152,147,137,123,121,198,179,150,147,166,195,227,194,139,148,148,148,148,149,151,152,152,151,150,149,149,147,146,145,139,129,117,117,201,220,215,184,176,211,219,166,129,148,146,148,148,149,150,150,150,150,149,139,138,136,138,137,132,124,113,100,177,222,215,193,178,210,214,164,128,148,146,146,147,146,147,148,149,148,147,130,129,128,128,128,126,119,109,96,151,218,215,211,188,198,203,159,126,147,145,145,146,145,146,149,149,149,147,124,123,122,122,122,121,116,107,96,108,199,215,220,212,206,192,140,126,145,145,144,145,146,147,148,149,148,147,117,117,116,118,118,118,113,106,99,78,145,208,214,220,202,190,148,129,142,143,143,142,144,143,144,147,146,144,113,113,112,114,114,115,112,105,97,87,86,178,206,215,209,212,171,130,141,142,141,140,142,142,143,147,146,145
N,148,151,154,156,158,159,160,161,161,161,163,163,162,162,162,161,160,159,159,157,157,154,154,152,150,148,147,144,150,151,156,158,160,160,162,163,163,162,164,164,164,163,163,162,161,160,158,157,155,155,154,152,151,148,147,144,152,153,156,159,160,162,163,164,164,164,165,165,165,164,164,162,160,160,158,156,156,155,153,152,150,148,147,144,152,155,157,159,161,162,164,165,166,166,167,167,166,165,164,163,160,159,159,156,156,155,153,151,149,148,147,143,152,155,159,160,162,164,167,167,167,166,167,166,164,165,163,162,160,159,158,157,155,154,152,151,149,147,147,143,154,157,159,161,163,165,166,166,165,166,166,165,164,164,162,160,159,157,157,156,155,152,152,151,148,146,146,143,155,156,159,162,162,164,165,165,165,165,164,163,161,160,158,157,156,154,154,154,151,150,151,149,147,145,145,141,155,156,158,161,162,163,164,165,163,163,162,161,158,157,153,152,149,151,151,151,150,150,150,149,146,144,144,142,155,157,157,160,160,162,162,163,160,159,158,157,156,191,168,152,171,145,147,148,147,147,147,146,145,145,144,142,155,156,158,159,158,158,157,157,155,155,155,147,133,203,192,167,187,157,137,145,142,143,145,144,145,143,142,140,155,155,156,159,157,155,154,154,151,151,146,146,123,205,213,183,196,169,129,141,142,141,142,143,143,141,141,139,155,155,156,158,157,154,153,152,150,150,127,170,174,202,229,189,198,174,129,138,140,140,140,141,141,140,141,139,154,154,155,155,155,153,149,150,148,124,105,185,201,178,208,165,200,180,124,133,137,138,138,139,140,140,139,138,153,152,153,154,153,150,147,143,104,122,161,218,219,157,142,116,190,175,164,130,134,136,136,137,139,138,139,137,154,154,153,154,152,149,148,131,107,174,203,201,220,156,125,110,191,176,192,161,129,133,134,135,137,137,139,137,153,152,152,153,151,147,142,128,160,153,205,182,207,167,124,177,172,191,191,142,120,130,130,132,133,136,138,136,151,151,150,151,149,142,130,136,188,169,182,173,189,181,165,204,214,211,185,100,118,129,129,130,132,136,137,134,148,149,150,149,145,135,123,109,181,204,162,155,157,175,164,197,211,208,161,95,126,128,128,131,132,134,134,133,145,146,144,141,135,125,115,97,158,213,170,149,133,156,159,186,202,195,132,104,126,127,128,130,130,132,133,133,136,136,137,134,126,117,107,93,140,206,204,173,150,157,172,195,197,170,107,116,126,127,128,129,130,133,134,133,127,127,127,126,120,111,101,90,96,187,205,199,199,187,189,209,185,147,96,125,126,127,128,129,130,133,134,131,118,117,118,117,112,106,99,93,63,128,191,202,212,212,206,196,170,140,102,127,125,125,127,128,130,133,132,131,109,108,109,109,107,103,97,91,78,59,148,183,192,196,197,193,182,152,112,126,125,125,126,128,130,131,130,129,102,102,103,103,102,99,94,88,86,65,92,155,171,191,203,199,196,160,114,124,125,125,125,127,127,129,129,128,98,97,99,100,99,96,91,86,82,79,98,174,201,213,213,209,198,169,116,123,124,124,124,126,127,128,128,127,94,93,95,96,96,94,89,84,80,79,125,196,217,212,219,212,196,193,120,120,122,123,123,124,126,126,125,125,90,90,91,93,93,92,87,82,79,77,132,205,226,223,221,208,199,207,125,118,121,122,122,122,124,124,122,124,87,86,87,89,91,90,85,80,78,75,115,195,223,229,226,214,203,208,127,115,120,121,121,121,123,123,123,124
G,149,152,155,157,160,161,162,164,166,166,166,168,168,167,166,166,165,165,164,162,162,160,158,157,155,152,147,145,151,153,157,159,162,162,164,164,168,168,169,169,170,170,169,168,167,165,164,164,162,161,158,158,157,152,150,146,153,155,158,161,163,164,165,167,169,170,171,171,172,171,170,169,168,166,167,164,164,161,160,159,158,152,150,146,153,156,158,161,163,165,166,168,171,172,172,173,173,172,172,171,170,167,167,166,164,162,160,160,158,154,150,148,153,156,159,161,164,166,168,169,172,172,172,173,173,173,172,171,171,168,168,166,165,163,161,159,159,156,152,150,154,156,158,161,164,166,167,169,171,172,172,174,173,172,172,170,170,169,167,166,166,163,162,160,159,156,153,151,153,155,158,161,164,165,166,168,170,170,171,172,171,171,171,169,169,168,166,166,166,163,161,160,159,156,154,152,151,155,158,160,163,164,165,167,169,169,170,170,170,170,170,169,168,168,167,166,165,163,161,161,160,157,154,151,151,153,157,159,161,164,164,164,166,168,169,169,171,172,170,169,168,166,164,164,163,161,161,159,159,155,153,150,150,152,155,157,158,159,160,160,164,165,162,162,170,171,168,167,163,159,156,155,156,150,154,159,159,156,154,152,148,151,152,154,155,155,157,158,153,139,129,127,137,155,153,162,169,175,163,165,149,116,123,156,158,155,153,152,146,149,152,151,153,154,155,131,144,141,142,158,173,184,191,196,198,177,129,103,89,97,125,158,157,155,152,151,146,148,149,151,151,146,123,119,127,159,200,223,222,211,195,169,128,92,95,121,146,155,157,155,155,155,151,151,143,145,145,148,140,117,146,160,180,209,227,227,214,209,172,147,99,108,151,158,157,154,153,152,154,155,152,150,142,143,144,142,134,174,191,192,206,221,224,217,210,193,192,145,99,152,154,151,150,150,151,150,153,151,149,149,142,141,141,139,187,201,204,211,223,225,214,206,182,179,177,100,122,145,148,149,147,146,145,147,150,148,148,147,138,137,132,171,206,211,228,229,218,208,194,169,161,169,147,98,133,143,144,145,146,144,146,147,149,148,148,146,137,132,150,207,208,220,231,215,204,187,156,150,150,153,144,111,144,144,142,143,144,144,144,144,148,147,146,146,134,135,195,211,211,222,218,198,182,146,130,126,124,153,118,126,147,143,143,143,143,142,142,143,148,148,147,145,127,164,214,208,213,222,195,172,133,111,121,128,144,151,118,145,148,145,144,143,142,141,142,144,147,147,145,144,120,175,216,215,221,204,156,124,92,98,85,72,75,85,119,146,146,143,142,141,140,141,142,144,145,145,144,142,112,176,213,215,216,178,153,121,46,45,65,93,115,132,142,141,144,142,140,139,140,143,144,144,143,142,140,140,108,183,213,212,203,169,161,148,76,100,115,124,130,135,138,140,140,139,138,138,139,141,141,141,141,140,140,139,113,186,211,220,204,168,153,130,92,114,120,126,130,134,136,137,139,138,136,136,137,138,141,140,140,139,139,139,125,193,216,227,204,159,138,84,88,113,118,124,127,130,134,138,138,136,135,135,134,135,138,138,139,138,138,138,149,200,219,228,207,162,123,69,98,108,114,120,123,127,130,133,135,135,134,132,131,133,134,136,137,135,135,136,174,205,220,226,209,162,111,75,100,105,110,116,121,124,127,129,133,132,131,130,131,131,131,134,136,136,136,136,190,210,216,226,203,160,102,78,98,102,107,113,118,119,123,127,129,130,130,127,129,129,131,134,136,135,136,135
B,152,155,160,163,166,169,170,172,174,176,180,182,182,184,184,182,183,181,180,180,179,177,177,174,171,167,164,165,153,156,161,163,167,169,172,174,176,179,182,184,183,185,185,185,183,183,182,181,180,176,175,174,171,168,165,164,153,158,162,165,169,170,174,176,179,179,184,185,187,187,188,187,186,185,183,182,179,177,176,174,171,168,165,165,154,158,163,165,169,172,175,178,179,182,184,187,187,189,189,188,185,185,183,181,179,179,175,174,171,168,166,165,155,159,163,165,169,172,176,179,180,183,186,172,168,184,191,189,187,186,186,182,180,180,177,174,171,169,168,165,155,159,163,166,169,173,178,179,181,183,160,148,178,161,185,191,187,186,185,183,180,179,176,174,171,168,166,164,154,159,163,165,168,172,176,178,179,179,155,163,180,158,158,187,188,185,183,182,181,177,174,173,169,167,164,164,155,159,162,165,167,172,173,175,178,167,165,164,179,160,146,177,187,183,182,181,178,173,173,172,168,166,164,163,156,158,162,165,167,170,172,175,165,145,181,170,189,151,138,166,187,182,179,178,176,173,172,171,168,164,164,163,156,158,159,163,165,167,170,173,155,158,182,166,166,147,155,162,186,181,178,175,173,170,169,168,166,164,165,164,155,157,159,162,162,164,164,166,158,176,174,162,181,146,146,152,181,177,174,171,169,165,166,165,163,164,162,162,154,155,157,159,159,160,159,158,168,196,195,177,197,157,163,141,175,172,168,166,164,164,163,163,163,161,161,161,155,154,156,161,159,158,158,151,157,188,186,162,175,148,186,143,168,166,163,163,162,162,162,162,161,160,160,161,155,154,156,159,159,157,155,143,173,190,174,153,171,139,188,139,162,161,160,160,158,158,161,159,159,160,160,159,153,153,154,155,156,155,148,134,182,173,177,195,185,184,176,127,138,155,154,155,154,157,158,157,157,158,158,158,153,152,154,155,154,152,145,128,182,197,186,200,176,141,140,132,155,134,151,152,153,153,155,156,156,157,156,159,153,153,153,154,154,150,142,134,197,210,184,201,195,145,117,132,168,149,146,150,150,151,152,153,156,156,155,158,149,149,149,151,150,147,136,139,212,206,192,210,211,197,180,140,183,189,142,148,149,149,149,150,152,153,155,156,145,146,145,146,145,141,128,137,214,206,197,210,212,193,193,179,174,193,145,145,146,146,148,147,152,154,155,155,137,139,139,138,137,133,121,128,213,210,197,209,190,177,188,206,203,185,121,138,143,144,147,147,151,152,153,152,131,132,131,129,128,124,113,121,210,212,197,194,183,192,216,224,210,158,98,139,143,143,145,146,148,149,151,151,125,124,124,123,121,116,107,106,190,212,201,197,202,210,223,217,187,105,125,143,144,145,145,145,148,149,151,151,116,116,116,116,114,109,102,90,158,207,210,209,213,217,214,185,123,106,141,141,143,143,144,146,148,149,149,151,109,108,108,108,106,103,99,85,122,191,204,212,206,197,166,129,93,132,138,139,141,141,142,146,147,147,149,150,102,102,102,101,101,100,96,88,95,159,187,199,201,174,164,110,117,135,135,137,139,139,141,144,146,147,147,147,97,97,97,97,97,96,93,89,85,135,174,191,205,192,178,110,128,131,133,135,137,139,140,143,145,145,146,145,94,94,95,95,94,93,90,86,97,179,205,207,212,188,168,115,127,130,132,133,135,136,137,140,144,145,146,144,92,91,92,92,92,91,88,83,109,198,217,219,220,182,187,118,124,128,130,133,133,135,135,138,142,144,145,144
I,150,154,159,164,168,169,172,171,174,176,178,179,179,178,180,178,176,178,176,176,174,172,171,169,167,165,164,162,153,155,159,164,168,169,171,172,174,177,179,178,178,178,179,178,175,176,175,174,174,171,169,168,167,164,163,161,155,156,161,164,167,169,171,173,176,178,179,180,181,181,182,180,177,176,176,175,175,174,172,170,167,164,163,162,156,158,163,165,168,170,172,174,175,177,179,181,180,182,181,178,179,177,176,176,174,173,173,170,167,164,163,161,156,160,164,166,169,171,173,175,176,176,179,178,178,180,180,180,178,178,176,175,174,172,171,169,168,165,164,161,157,160,165,167,170,172,174,175,175,175,177,177,179,178,179,178,177,177,175,175,173,172,171,169,167,164,164,162,158,160,164,167,169,171,173,174,174,174,175,177,177,177,178,177,176,175,175,172,173,172,170,168,166,164,164,161,157,161,165,166,168,170,172,172,173,171,176,177,176,177,177,177,176,175,175,172,172,171,169,167,166,164,163,160,157,161,165,166,168,169,172,172,168,163,170,177,176,179,178,177,176,174,173,172,172,169,168,168,165,162,162,161,159,162,164,166,167,168,169,170,161,170,155,176,176,178,177,176,175,172,172,171,169,166,167,166,164,162,162,160,160,161,164,166,165,166,167,168,157,179,146,172,173,175,174,174,173,170,170,169,167,166,166,166,163,161,161,160,160,161,162,164,164,164,165,165,162,196,147,167,169,168,170,167,170,170,168,167,166,166,165,164,163,161,162,161,160,161,161,163,162,162,162,163,159,190,153,167,162,172,161,178,156,165,165,164,162,161,162,161,161,161,160,159,159,160,161,161,160,160,158,158,151,179,191,213,198,222,182,206,171,151,162,161,161,159,160,160,160,159,159,158,160,159,160,163,161,158,157,152,157,183,194,215,206,215,175,176,147,129,161,159,160,160,158,160,159,158,158,158,161,160,161,162,161,158,154,147,156,190,154,184,180,163,178,188,117,132,160,158,157,159,159,159,158,158,158,157,160,160,160,160,159,157,150,142,153,198,168,173,165,188,209,215,171,136,156,154,155,157,157,156,157,158,157,157,159,159,160,160,159,156,149,135,163,211,172,167,135,139,116,168,214,163,143,152,153,153,153,153,153,156,156,157,160,161,161,161,160,156,151,131,171,216,181,129,126,164,112,145,217,207,138,149,150,151,150,152,155,155,156,158,157,158,158,159,158,154,146,125,162,223,204,153,135,162,167,179,212,211,154,144,152,151,150,151,151,152,155,156,153,153,152,152,151,146,136,121,148,219,213,207,187,143,190,207,214,192,118,144,151,149,150,149,151,151,155,155,145,146,145,143,141,136,129,115,134,213,215,212,189,167,201,206,208,145,106,148,147,149,149,149,151,151,154,153,138,138,136,133,131,128,122,112,114,196,214,213,202,181,191,199,191,112,134,148,147,148,149,149,149,149,153,153,131,129,128,126,124,121,115,108,94,166,207,217,213,197,196,185,147,104,148,149,148,149,149,148,149,150,153,153,123,122,121,120,118,115,110,105,89,121,196,207,212,200,187,154,106,121,149,150,148,148,148,147,149,151,152,154,117,115,114,114,112,111,108,103,95,88,157,190,208,200,182,174,124,134,146,148,147,145,146,146,149,151,153,153,110,108,108,107,107,108,106,101,96,82,126,168,193,209,208,204,139,134,141,145,145,143,145,146,148,151,152,151,105,103,103,102,102,103,102,98,94,90,166,206,211,213,210,196,151,131,138,142,144,143,144,145,146,149,151,150
N,147,149,151,155,157,159,160,162,164,164,166,167,170,168,169,170,168,167,167,166,166,165,164,164,163,160,157,154,148,149,153,157,159,161,161,164,165,166,167,169,170,169,170,170,169,168,167,167,166,165,163,162,162,159,157,154,149,151,154,159,160,162,164,166,168,168,168,172,172,173,172,172,171,170,169,167,166,163,162,162,161,159,156,154,150,153,156,159,161,163,165,167,169,169,171,172,173,174,173,172,171,169,169,167,165,163,164,161,160,158,155,153,152,153,157,159,161,164,166,169,170,170,172,174,175,174,174,173,172,170,169,168,165,164,164,161,160,157,155,154,152,154,158,161,162,164,167,171,171,171,172,174,174,172,174,172,172,170,169,168,166,164,163,161,158,157,154,153,153,155,159,160,162,165,167,168,168,169,171,172,174,173,174,172,170,169,167,166,165,164,161,159,158,155,153,151,154,155,158,161,162,163,166,166,167,167,169,170,171,170,171,169,168,167,165,164,163,161,158,158,157,154,152,151,153,155,157,159,161,162,163,165,165,165,167,168,168,168,167,166,165,164,163,162,161,159,158,158,156,153,151,150,152,156,157,157,159,159,160,163,163,160,162,163,166,165,165,166,164,162,161,159,159,158,157,157,155,152,151,151,153,155,157,157,156,156,156,156,157,155,157,159,155,148,159,150,156,158,157,156,155,153,152,153,152,150,151,150,154,154,154,156,156,154,153,152,153,152,154,151,132,132,117,102,107,148,153,152,152,151,150,152,151,149,148,148,154,155,154,156,156,153,152,151,151,149,150,135,111,174,154,145,152,132,148,149,149,151,150,149,150,148,147,147,153,153,153,155,153,153,150,148,149,147,140,158,126,181,200,159,179,137,142,147,148,147,149,148,148,146,146,147,150,152,151,153,151,150,147,145,144,141,140,184,167,171,207,150,179,137,134,143,143,145,146,146,146,146,146,145,152,153,153,152,151,149,146,145,140,117,148,217,158,132,195,147,158,121,129,140,141,142,143,144,144,144,144,145,150,152,151,151,150,148,145,141,111,149,173,216,180,118,193,160,207,192,131,137,139,138,138,139,142,145,142,145,149,150,149,148,148,145,141,123,107,174,191,197,202,128,95,132,198,212,165,132,137,137,137,138,139,141,142,144,146,145,146,144,142,138,130,115,162,154,191,174,198,127,112,182,203,204,179,125,135,134,136,136,138,140,142,144,139,139,138,135,132,127,115,128,188,165,162,147,165,120,164,207,214,199,140,107,133,133,135,136,139,139,142,141,131,131,130,128,124,116,106,108,189,199,151,133,138,135,186,214,210,193,112,118,132,133,135,136,137,136,140,140,124,122,122,121,117,109,100,92,172,214,179,153,151,166,186,210,204,180,108,130,133,134,135,135,136,136,140,140,116,115,114,114,110,103,96,88,158,211,206,183,183,195,207,218,197,160,109,134,133,133,134,135,135,137,139,141,109,108,107,106,104,100,95,83,118,197,211,215,215,215,211,211,188,140,111,134,133,131,133,134,135,137,139,140,104,102,102,101,100,98,93,86,69,160,205,216,216,210,205,193,178,122,118,133,133,131,132,133,135,137,138,138,100,98,98,98,97,95,91,88,65,101,185,202,203,202,203,194,188,121,123,130,132,132,131,132,133,135,136,135,96,93,94,94,93,92,88,85,80,69,149,178,183,194,209,199,193,128,123,128,131,130,130,131,133,135,136,134,92,90,90,91,90,90,86,83,81,71,130,187,204,216,210,202,199,134,121,127,129,130,129,130,132,133,136,134
